{
  "firstLayout": "",
  "gdVersion": {
    "build": 98,
    "major": 4,
    "minor": 0,
    "revision": 0
  },
  "properties": {
    "adMobAppId": "",
    "folderProject": false,
    "linuxExecutableFilename": "",
    "macExecutableFilename": "",
    "orientation": "landscape",
    "packageName": "com.example.gamename",
    "projectFile": "O:\\OneDrive\\Software\\00 - Outros\\SpaceApps Nasa\\Space Sweepers Codigo Fonte\\game.json",
    "scaleMode": "linear",
    "sizeOnStartupMode": "adaptWidth",
    "useExternalSourceFiles": false,
    "version": "1.0.0",
    "winExecutableFilename": "",
    "winExecutableIconFile": "",
    "name": "Project",
    "author": "",
    "windowWidth": 800,
    "windowHeight": 600,
    "latestCompilationDirectory": "",
    "maxFPS": 60,
    "minFPS": 20,
    "verticalSync": false,
    "platformSpecificAssets": {},
    "loadingScreen": {
      "showGDevelopSplash": true
    },
    "extensions": [
      {
        "name": "BuiltinObject"
      },
      {
        "name": "BuiltinAudio"
      },
      {
        "name": "BuiltinVariables"
      },
      {
        "name": "BuiltinTime"
      },
      {
        "name": "BuiltinMouse"
      },
      {
        "name": "BuiltinKeyboard"
      },
      {
        "name": "BuiltinJoystick"
      },
      {
        "name": "BuiltinCamera"
      },
      {
        "name": "BuiltinWindow"
      },
      {
        "name": "BuiltinFile"
      },
      {
        "name": "BuiltinNetwork"
      },
      {
        "name": "BuiltinScene"
      },
      {
        "name": "BuiltinAdvanced"
      },
      {
        "name": "Sprite"
      },
      {
        "name": "BuiltinCommonInstructions"
      },
      {
        "name": "BuiltinCommonConversions"
      },
      {
        "name": "BuiltinStringInstructions"
      },
      {
        "name": "BuiltinMathematicalTools"
      },
      {
        "name": "BuiltinExternalLayouts"
      }
    ],
    "platforms": [
      {
        "name": "GDevelop JS platform"
      }
    ],
    "currentPlatform": "GDevelop JS platform"
  },
  "resources": {
    "resources": [
      {
        "alwaysLoaded": false,
        "file": "atmosfera.jpg",
        "kind": "image",
        "metadata": "",
        "name": "atmosfera.jpg",
        "smoothed": true,
        "userAdded": true
      },
      {
        "alwaysLoaded": false,
        "file": "planeta.png",
        "kind": "image",
        "metadata": "",
        "name": "planeta.png",
        "smoothed": true,
        "userAdded": true
      },
      {
        "alwaysLoaded": false,
        "file": "ship no fre.png",
        "kind": "image",
        "metadata": "",
        "name": "ship no fre.png",
        "smoothed": true,
        "userAdded": true
      },
      {
        "alwaysLoaded": false,
        "file": "ship fre 2.png",
        "kind": "image",
        "metadata": "",
        "name": "ship fre 2.png",
        "smoothed": true,
        "userAdded": false
      },
      {
        "alwaysLoaded": false,
        "file": "ship fre.png",
        "kind": "image",
        "metadata": "",
        "name": "ship fre.png",
        "smoothed": true,
        "userAdded": true
      },
      {
        "alwaysLoaded": false,
        "file": "plataforma.png",
        "kind": "image",
        "metadata": "",
        "name": "plataforma.png",
        "smoothed": true,
        "userAdded": false
      },
      {
        "alwaysLoaded": false,
        "file": "clouds.png",
        "kind": "image",
        "metadata": "",
        "name": "clouds.png",
        "smoothed": true,
        "userAdded": false
      },
      {
        "alwaysLoaded": false,
        "file": "screw (1).png",
        "kind": "image",
        "metadata": "",
        "name": "screw (1).png",
        "smoothed": true,
        "userAdded": true
      },
      {
        "alwaysLoaded": false,
        "file": "fuel.png",
        "kind": "image",
        "metadata": "",
        "name": "fuel.png",
        "smoothed": true,
        "userAdded": true
      },
      {
        "alwaysLoaded": false,
        "file": "Screenshot_4.png",
        "kind": "image",
        "metadata": "",
        "name": "Screenshot_4.png",
        "smoothed": true,
        "userAdded": false
      }
    ],
    "resourceFolders": []
  },
  "objects": [],
  "objectsGroups": [],
  "variables": [],
  "layouts": [
    {
      "b": 32,
      "disableInputWhenNotFocused": true,
      "mangledName": "NewScene",
      "name": "NewScene",
      "oglFOV": 90,
      "oglZFar": 500,
      "oglZNear": 1,
      "r": 3,
      "standardSortMethod": true,
      "stopSoundsOnStartup": true,
      "title": "",
      "v": 17,
      "uiSettings": {
        "grid": false,
        "gridB": 255,
        "gridG": 180,
        "gridHeight": 32,
        "gridOffsetX": 0,
        "gridOffsetY": 0,
        "gridR": 158,
        "gridWidth": 32,
        "snap": true,
        "windowMask": false,
        "zoomFactor": 0.13
      },
      "objectsGroups": [],
      "variables": [],
      "instances": [
        {
          "angle": 0,
          "customSize": false,
          "height": 0,
          "layer": "",
          "locked": false,
          "name": "Atmosfera",
          "width": 0,
          "x": -4600,
          "y": -2331,
          "zOrder": 1,
          "numberProperties": [],
          "stringProperties": [],
          "initialVariables": []
        },
        {
          "angle": 0,
          "customSize": false,
          "height": 0,
          "layer": "",
          "locked": false,
          "name": "Planeta",
          "width": 0,
          "x": -1666,
          "y": 453,
          "zOrder": 2,
          "numberProperties": [],
          "stringProperties": [],
          "initialVariables": []
        },
        {
          "angle": 0,
          "customSize": true,
          "height": 189,
          "layer": "",
          "locked": false,
          "name": "Nave",
          "width": 142,
          "x": 332,
          "y": 398,
          "zOrder": 3,
          "numberProperties": [],
          "stringProperties": [],
          "initialVariables": []
        },
        {
          "angle": 0,
          "customSize": true,
          "height": 129,
          "layer": "",
          "locked": false,
          "name": "Plataforma",
          "width": 28,
          "x": 410,
          "y": 408,
          "zOrder": 4,
          "numberProperties": [],
          "stringProperties": [],
          "initialVariables": []
        },
        {
          "angle": 0,
          "customSize": true,
          "height": 248,
          "layer": "",
          "locked": false,
          "name": "Nuvem",
          "width": 248,
          "x": 951,
          "y": -265,
          "zOrder": 5,
          "numberProperties": [],
          "stringProperties": [],
          "initialVariables": []
        },
        {
          "angle": 0,
          "customSize": true,
          "height": 248,
          "layer": "",
          "locked": false,
          "name": "Nuvem",
          "width": 248,
          "x": -887,
          "y": 351,
          "zOrder": 5,
          "numberProperties": [],
          "stringProperties": [],
          "initialVariables": []
        },
        {
          "angle": 0,
          "customSize": true,
          "height": 248,
          "layer": "",
          "locked": false,
          "name": "Nuvem",
          "width": 248,
          "x": 1670,
          "y": 502,
          "zOrder": 5,
          "numberProperties": [],
          "stringProperties": [],
          "initialVariables": []
        },
        {
          "angle": 0,
          "customSize": true,
          "height": 248,
          "layer": "",
          "locked": false,
          "name": "Nuvem",
          "width": 248,
          "x": -2104,
          "y": 2097,
          "zOrder": 5,
          "numberProperties": [],
          "stringProperties": [],
          "initialVariables": []
        },
        {
          "angle": 0,
          "customSize": true,
          "height": 248,
          "layer": "",
          "locked": false,
          "name": "Nuvem",
          "width": 248,
          "x": -1915,
          "y": 559,
          "zOrder": 5,
          "numberProperties": [],
          "stringProperties": [],
          "initialVariables": []
        },
        {
          "angle": 0,
          "customSize": true,
          "height": 248,
          "layer": "",
          "locked": false,
          "name": "Nuvem",
          "width": 248,
          "x": -2360,
          "y": 3131,
          "zOrder": 5,
          "numberProperties": [],
          "stringProperties": [],
          "initialVariables": []
        },
        {
          "angle": 0,
          "customSize": true,
          "height": 248,
          "layer": "",
          "locked": false,
          "name": "Nuvem",
          "width": 248,
          "x": 2651,
          "y": 1899,
          "zOrder": 5,
          "numberProperties": [],
          "stringProperties": [],
          "initialVariables": []
        },
        {
          "angle": 0,
          "customSize": true,
          "height": 248,
          "layer": "",
          "locked": false,
          "name": "Nuvem",
          "width": 248,
          "x": -1310,
          "y": 4122,
          "zOrder": 5,
          "numberProperties": [],
          "stringProperties": [],
          "initialVariables": []
        },
        {
          "angle": 0,
          "customSize": true,
          "height": 248,
          "layer": "",
          "locked": false,
          "name": "Nuvem",
          "width": 248,
          "x": -191,
          "y": 4602,
          "zOrder": 5,
          "numberProperties": [],
          "stringProperties": [],
          "initialVariables": []
        },
        {
          "angle": 0,
          "customSize": true,
          "height": 248,
          "layer": "",
          "locked": false,
          "name": "Nuvem",
          "width": 248,
          "x": 1243,
          "y": 4737,
          "zOrder": 5,
          "numberProperties": [],
          "stringProperties": [],
          "initialVariables": []
        },
        {
          "angle": 0,
          "customSize": true,
          "height": 248,
          "layer": "",
          "locked": false,
          "name": "Nuvem",
          "width": 248,
          "x": 2122,
          "y": 4479,
          "zOrder": 5,
          "numberProperties": [],
          "stringProperties": [],
          "initialVariables": []
        },
        {
          "angle": 0,
          "customSize": true,
          "height": 248,
          "layer": "",
          "locked": false,
          "name": "Nuvem",
          "width": 248,
          "x": -734,
          "y": 4803,
          "zOrder": 5,
          "numberProperties": [],
          "stringProperties": [],
          "initialVariables": []
        },
        {
          "angle": 0,
          "customSize": true,
          "height": 127,
          "layer": "",
          "locked": false,
          "name": "Nuvem",
          "width": 145,
          "x": -1378,
          "y": 4910,
          "zOrder": 5,
          "numberProperties": [],
          "stringProperties": [],
          "initialVariables": []
        },
        {
          "angle": 0,
          "customSize": true,
          "height": 127,
          "layer": "",
          "locked": false,
          "name": "Nuvem",
          "width": 145,
          "x": -1207,
          "y": 4764,
          "zOrder": 5,
          "numberProperties": [],
          "stringProperties": [],
          "initialVariables": []
        },
        {
          "angle": 0,
          "customSize": true,
          "height": 127,
          "layer": "",
          "locked": false,
          "name": "Nuvem",
          "width": 145,
          "x": -1757,
          "y": 3706,
          "zOrder": 5,
          "numberProperties": [],
          "stringProperties": [],
          "initialVariables": []
        },
        {
          "angle": 0,
          "customSize": true,
          "height": 127,
          "layer": "",
          "locked": false,
          "name": "Nuvem",
          "width": 145,
          "x": -1481,
          "y": 1117,
          "zOrder": 5,
          "numberProperties": [],
          "stringProperties": [],
          "initialVariables": []
        },
        {
          "angle": 0,
          "customSize": true,
          "height": 127,
          "layer": "",
          "locked": false,
          "name": "Nuvem",
          "width": 145,
          "x": 2346,
          "y": 1255,
          "zOrder": 5,
          "numberProperties": [],
          "stringProperties": [],
          "initialVariables": []
        },
        {
          "angle": 0,
          "customSize": true,
          "height": 127,
          "layer": "",
          "locked": false,
          "name": "Nuvem",
          "width": 145,
          "x": 2501,
          "y": 3686,
          "zOrder": 5,
          "numberProperties": [],
          "stringProperties": [],
          "initialVariables": []
        },
        {
          "angle": 0,
          "customSize": true,
          "height": 127,
          "layer": "",
          "locked": false,
          "name": "Nuvem",
          "width": 145,
          "x": 553,
          "y": 4876,
          "zOrder": 5,
          "numberProperties": [],
          "stringProperties": [],
          "initialVariables": []
        },
        {
          "angle": 0,
          "customSize": true,
          "height": 108,
          "layer": "",
          "locked": false,
          "name": "Nuvem",
          "width": 119,
          "x": 255,
          "y": -557,
          "zOrder": 5,
          "numberProperties": [],
          "stringProperties": [],
          "initialVariables": []
        },
        {
          "angle": 0,
          "customSize": true,
          "height": 248,
          "layer": "",
          "locked": false,
          "name": "Nuvem",
          "width": 248,
          "x": -110.798,
          "y": -225.674,
          "zOrder": 5,
          "numberProperties": [],
          "stringProperties": [],
          "initialVariables": []
        },
        {
          "angle": 0,
          "customSize": true,
          "height": 248,
          "layer": "",
          "locked": false,
          "name": "Nuvem",
          "width": 248,
          "x": 24,
          "y": 95,
          "zOrder": 5,
          "numberProperties": [],
          "stringProperties": [],
          "initialVariables": []
        },
        {
          "angle": 0,
          "customSize": true,
          "height": 248,
          "layer": "",
          "locked": false,
          "name": "Nuvem",
          "width": 248,
          "x": -1903,
          "y": 1510,
          "zOrder": 5,
          "numberProperties": [],
          "stringProperties": [],
          "initialVariables": []
        },
        {
          "angle": 0,
          "customSize": true,
          "height": 248,
          "layer": "",
          "locked": false,
          "name": "Nuvem",
          "width": 248,
          "x": 2632,
          "y": 2842,
          "zOrder": 5,
          "numberProperties": [],
          "stringProperties": [],
          "initialVariables": []
        },
        {
          "angle": 0,
          "customSize": true,
          "height": 248,
          "layer": "",
          "locked": false,
          "name": "Nuvem",
          "width": 248,
          "x": -136.511,
          "y": 4961.44,
          "zOrder": 5,
          "numberProperties": [],
          "stringProperties": [],
          "initialVariables": []
        },
        {
          "angle": 41.1859,
          "customSize": true,
          "height": 60,
          "layer": "",
          "locked": false,
          "name": "DetritoParafuso",
          "width": 60,
          "x": 126,
          "y": -2093,
          "zOrder": 6,
          "numberProperties": [],
          "stringProperties": [],
          "initialVariables": []
        },
        {
          "angle": 150.911,
          "customSize": true,
          "height": 104,
          "layer": "",
          "locked": false,
          "name": "DetritoParafuso",
          "width": 104,
          "x": -629,
          "y": -2030,
          "zOrder": 6,
          "numberProperties": [],
          "stringProperties": [],
          "initialVariables": []
        },
        {
          "angle": 58.8912,
          "customSize": true,
          "height": 84,
          "layer": "",
          "locked": false,
          "name": "DetritoParafuso",
          "width": 84,
          "x": 930,
          "y": -2050,
          "zOrder": 6,
          "numberProperties": [],
          "stringProperties": [],
          "initialVariables": []
        },
        {
          "angle": 0,
          "customSize": true,
          "height": 51,
          "layer": "GUI",
          "locked": false,
          "name": "Combustivel",
          "width": 51,
          "x": 32,
          "y": 28,
          "zOrder": 7,
          "numberProperties": [],
          "stringProperties": [],
          "initialVariables": []
        },
        {
          "angle": 0,
          "customSize": true,
          "height": 32,
          "layer": "GUI",
          "locked": false,
          "name": "BarraCombustivel",
          "width": 268,
          "x": 88,
          "y": 43,
          "zOrder": 8,
          "numberProperties": [],
          "stringProperties": [],
          "initialVariables": []
        }
      ],
      "objects": [
        {
          "name": "Atmosfera",
          "tags": "",
          "type": "Sprite",
          "updateIfNotVisible": false,
          "variables": [],
          "behaviors": [],
          "animations": [
            {
              "name": "",
              "useMultipleDirections": false,
              "directions": [
                {
                  "looping": false,
                  "timeBetweenFrames": 0.08,
                  "sprites": [
                    {
                      "hasCustomCollisionMask": false,
                      "image": "atmosfera.jpg",
                      "points": [],
                      "originPoint": {
                        "name": "origine",
                        "x": 0,
                        "y": 0
                      },
                      "centerPoint": {
                        "automatic": true,
                        "name": "centre",
                        "x": 0,
                        "y": 0
                      },
                      "customCollisionMask": []
                    }
                  ]
                }
              ]
            }
          ]
        },
        {
          "name": "Planeta",
          "tags": "",
          "type": "Sprite",
          "updateIfNotVisible": false,
          "variables": [],
          "behaviors": [],
          "animations": [
            {
              "name": "",
              "useMultipleDirections": false,
              "directions": [
                {
                  "looping": false,
                  "timeBetweenFrames": 0.08,
                  "sprites": [
                    {
                      "hasCustomCollisionMask": false,
                      "image": "planeta.png",
                      "points": [],
                      "originPoint": {
                        "name": "origine",
                        "x": 0,
                        "y": 0
                      },
                      "centerPoint": {
                        "automatic": true,
                        "name": "centre",
                        "x": 0,
                        "y": 0
                      },
                      "customCollisionMask": []
                    }
                  ]
                }
              ]
            }
          ]
        },
        {
          "name": "Nave",
          "tags": "",
          "type": "Sprite",
          "updateIfNotVisible": false,
          "variables": [
            {
              "name": "Motor",
              "value": "0"
            },
            {
              "name": "Velocidade",
              "value": "100"
            },
            {
              "name": "Angulo",
              "value": ""
            },
            {
              "name": "Combustivel",
              "value": ""
            },
            {
              "name": "GravidadeQueda",
              "value": "300"
            },
            {
              "name": "ConsumoCombustivel",
              "value": "0.05"
            }
          ],
          "behaviors": [],
          "animations": [
            {
              "name": "",
              "useMultipleDirections": false,
              "directions": [
                {
                  "looping": false,
                  "timeBetweenFrames": 0.08,
                  "sprites": [
                    {
                      "hasCustomCollisionMask": false,
                      "image": "ship no fre.png",
                      "points": [],
                      "originPoint": {
                        "name": "origine",
                        "x": 0,
                        "y": 0
                      },
                      "centerPoint": {
                        "automatic": true,
                        "name": "centre",
                        "x": 0,
                        "y": 0
                      },
                      "customCollisionMask": []
                    }
                  ]
                }
              ]
            },
            {
              "name": "",
              "useMultipleDirections": false,
              "directions": [
                {
                  "looping": true,
                  "timeBetweenFrames": 0.08,
                  "sprites": [
                    {
                      "hasCustomCollisionMask": false,
                      "image": "ship fre 2.png",
                      "points": [],
                      "originPoint": {
                        "name": "origine",
                        "x": 0,
                        "y": 0
                      },
                      "centerPoint": {
                        "automatic": true,
                        "name": "centre",
                        "x": 0,
                        "y": 0
                      },
                      "customCollisionMask": []
                    },
                    {
                      "hasCustomCollisionMask": false,
                      "image": "ship fre.png",
                      "points": [],
                      "originPoint": {
                        "name": "origine",
                        "x": 0,
                        "y": 0
                      },
                      "centerPoint": {
                        "automatic": true,
                        "name": "centre",
                        "x": 0,
                        "y": 0
                      },
                      "customCollisionMask": []
                    }
                  ]
                }
              ]
            }
          ]
        },
        {
          "name": "Plataforma",
          "tags": "",
          "type": "Sprite",
          "updateIfNotVisible": false,
          "variables": [],
          "behaviors": [],
          "animations": [
            {
              "name": "",
              "useMultipleDirections": false,
              "directions": [
                {
                  "looping": false,
                  "timeBetweenFrames": 0.08,
                  "sprites": [
                    {
                      "hasCustomCollisionMask": false,
                      "image": "plataforma.png",
                      "points": [],
                      "originPoint": {
                        "name": "origine",
                        "x": 0,
                        "y": 0
                      },
                      "centerPoint": {
                        "automatic": true,
                        "name": "centre",
                        "x": 0,
                        "y": 0
                      },
                      "customCollisionMask": []
                    }
                  ]
                }
              ]
            }
          ]
        },
        {
          "name": "Nuvem",
          "tags": "",
          "type": "Sprite",
          "updateIfNotVisible": false,
          "variables": [],
          "behaviors": [],
          "animations": [
            {
              "name": "",
              "useMultipleDirections": false,
              "directions": [
                {
                  "looping": false,
                  "timeBetweenFrames": 0.08,
                  "sprites": [
                    {
                      "hasCustomCollisionMask": false,
                      "image": "clouds.png",
                      "points": [],
                      "originPoint": {
                        "name": "origine",
                        "x": 0,
                        "y": 0
                      },
                      "centerPoint": {
                        "automatic": true,
                        "name": "centre",
                        "x": 0,
                        "y": 0
                      },
                      "customCollisionMask": []
                    }
                  ]
                }
              ]
            }
          ]
        },
        {
          "name": "DetritoParafuso",
          "tags": "",
          "type": "Sprite",
          "updateIfNotVisible": false,
          "variables": [],
          "behaviors": [],
          "animations": [
            {
              "name": "",
              "useMultipleDirections": false,
              "directions": [
                {
                  "looping": false,
                  "timeBetweenFrames": 0.08,
                  "sprites": [
                    {
                      "hasCustomCollisionMask": false,
                      "image": "screw (1).png",
                      "points": [],
                      "originPoint": {
                        "name": "origine",
                        "x": 0,
                        "y": 0
                      },
                      "centerPoint": {
                        "automatic": true,
                        "name": "centre",
                        "x": 0,
                        "y": 0
                      },
                      "customCollisionMask": []
                    }
                  ]
                }
              ]
            }
          ]
        },
        {
          "name": "Combustivel",
          "tags": "",
          "type": "Sprite",
          "updateIfNotVisible": false,
          "variables": [],
          "behaviors": [],
          "animations": [
            {
              "name": "",
              "useMultipleDirections": false,
              "directions": [
                {
                  "looping": false,
                  "timeBetweenFrames": 0.08,
                  "sprites": [
                    {
                      "hasCustomCollisionMask": false,
                      "image": "fuel.png",
                      "points": [],
                      "originPoint": {
                        "name": "origine",
                        "x": 0,
                        "y": 0
                      },
                      "centerPoint": {
                        "automatic": true,
                        "name": "centre",
                        "x": 0,
                        "y": 0
                      },
                      "customCollisionMask": []
                    }
                  ]
                }
              ]
            }
          ]
        },
        {
          "height": 32,
          "name": "BarraCombustivel",
          "tags": "",
          "texture": "Screenshot_4.png",
          "type": "TiledSpriteObject::TiledSprite",
          "width": 32,
          "variables": [],
          "behaviors": []
        }
      ],
      "events": [
        {
          "disabled": false,
          "folded": false,
          "type": "BuiltinCommonInstructions::Comment",
          "color": {
            "b": 109,
            "g": 230,
            "r": 255,
            "textB": 0,
            "textG": 0,
            "textR": 0
          },
          "comment": "EVENTO CONSTANTE---- ACONTECE O TEMPO TODO",
          "comment2": ""
        },
        {
          "disabled": false,
          "folded": false,
          "type": "BuiltinCommonInstructions::Standard",
          "conditions": [],
          "actions": [
            {
              "type": {
                "inverted": false,
                "value": "CameraY"
              },
              "parameters": [
                "",
                "=",
                "Nave.Y()-100",
                "",
                ""
              ],
              "subInstructions": []
            },
            {
              "type": {
                "inverted": false,
                "value": "CameraX"
              },
              "parameters": [
                "",
                "=",
                "Nave.X()",
                "",
                ""
              ],
              "subInstructions": []
            },
            {
              "type": {
                "inverted": false,
                "value": "ChangeAnimation"
              },
              "parameters": [
                "Nave",
                "=",
                "Nave.Variable(Motor)"
              ],
              "subInstructions": []
            }
          ],
          "events": []
        },
        {
          "disabled": false,
          "folded": false,
          "type": "BuiltinCommonInstructions::Comment",
          "color": {
            "b": 109,
            "g": 230,
            "r": 255,
            "textB": 0,
            "textG": 0,
            "textR": 0
          },
          "comment": "ACELERACAO",
          "comment2": ""
        },
        {
          "disabled": false,
          "folded": false,
          "type": "BuiltinCommonInstructions::Standard",
          "conditions": [
            {
              "type": {
                "inverted": false,
                "value": "TiledSpriteObject::Width"
              },
              "parameters": [
                "BarraCombustivel",
                ">",
                "0"
              ],
              "subInstructions": []
            }
          ],
          "actions": [],
          "events": [
            {
              "disabled": false,
              "folded": false,
              "type": "BuiltinCommonInstructions::Standard",
              "conditions": [
                {
                  "type": {
                    "inverted": false,
                    "value": "KeyPressed"
                  },
                  "parameters": [
                    "",
                    "Up"
                  ],
                  "subInstructions": []
                }
              ],
              "actions": [
                {
                  "type": {
                    "inverted": false,
                    "value": "AddForceAL"
                  },
                  "parameters": [
                    "Nave",
                    "Nave.Angle()-90",
                    "Nave.Variable(Velocidade)",
                    ""
                  ],
                  "subInstructions": []
                },
                {
                  "type": {
                    "inverted": false,
                    "value": "ModVarObjet"
                  },
                  "parameters": [
                    "Nave",
                    "Motor",
                    "",
                    "1"
                  ],
                  "subInstructions": []
                },
                {
                  "type": {
                    "inverted": false,
                    "value": "TiledSpriteObject::Width"
                  },
                  "parameters": [
                    "BarraCombustivel",
                    "-",
                    "Nave.Variable(ConsumoCombustivel)"
                  ],
                  "subInstructions": []
                }
              ],
              "events": [
                {
                  "disabled": false,
                  "folded": false,
                  "type": "BuiltinCommonInstructions::Standard",
                  "conditions": [
                    {
                      "type": {
                        "inverted": false,
                        "value": "KeyPressed"
                      },
                      "parameters": [
                        "",
                        "Left"
                      ],
                      "subInstructions": []
                    }
                  ],
                  "actions": [
                    {
                      "type": {
                        "inverted": false,
                        "value": "AddForceAL"
                      },
                      "parameters": [
                        "Nave",
                        "-180\n\n",
                        "Nave.Variable(Velocidade)/2",
                        ""
                      ],
                      "subInstructions": []
                    },
                    {
                      "type": {
                        "inverted": false,
                        "value": "Rotate"
                      },
                      "parameters": [
                        "Nave",
                        "-8",
                        ""
                      ],
                      "subInstructions": []
                    }
                  ],
                  "events": []
                },
                {
                  "disabled": false,
                  "folded": false,
                  "type": "BuiltinCommonInstructions::Standard",
                  "conditions": [
                    {
                      "type": {
                        "inverted": false,
                        "value": "KeyPressed"
                      },
                      "parameters": [
                        "",
                        "Right"
                      ],
                      "subInstructions": []
                    }
                  ],
                  "actions": [
                    {
                      "type": {
                        "inverted": false,
                        "value": "AddForceAL"
                      },
                      "parameters": [
                        "Nave",
                        "0\n\n",
                        "Nave.Variable(Velocidade)/2",
                        ""
                      ],
                      "subInstructions": []
                    },
                    {
                      "type": {
                        "inverted": false,
                        "value": "Rotate"
                      },
                      "parameters": [
                        "Nave",
                        "8",
                        ""
                      ],
                      "subInstructions": []
                    }
                  ],
                  "events": []
                }
              ]
            }
          ]
        },
        {
          "disabled": false,
          "folded": false,
          "type": "BuiltinCommonInstructions::Standard",
          "conditions": [
            {
              "type": {
                "inverted": false,
                "value": "KeyReleased"
              },
              "parameters": [
                "",
                "Up"
              ],
              "subInstructions": []
            }
          ],
          "actions": [
            {
              "type": {
                "inverted": false,
                "value": "ModVarObjet"
              },
              "parameters": [
                "Nave",
                "Motor",
                "",
                "0"
              ],
              "subInstructions": []
            }
          ],
          "events": []
        },
        {
          "disabled": false,
          "folded": false,
          "type": "BuiltinCommonInstructions::Comment",
          "color": {
            "b": 109,
            "g": 230,
            "r": 255,
            "textB": 0,
            "textG": 0,
            "textR": 0
          },
          "comment": "SEM COMBUSTIVEL",
          "comment2": ""
        },
        {
          "disabled": false,
          "folded": false,
          "type": "BuiltinCommonInstructions::Standard",
          "conditions": [
            {
              "type": {
                "inverted": false,
                "value": "TiledSpriteObject::Width"
              },
              "parameters": [
                "BarraCombustivel",
                "<=",
                "0"
              ],
              "subInstructions": []
            }
          ],
          "actions": [
            {
              "type": {
                "inverted": false,
                "value": "ModVarObjet"
              },
              "parameters": [
                "Nave",
                "Motor",
                "",
                "0"
              ],
              "subInstructions": []
            }
          ],
          "events": []
        },
        {
          "disabled": false,
          "folded": false,
          "type": "BuiltinCommonInstructions::Comment",
          "color": {
            "b": 109,
            "g": 230,
            "r": 255,
            "textB": 0,
            "textG": 0,
            "textR": 0
          },
          "comment": "CAIDA caso esteja acima da altitude 0",
          "comment2": ""
        },
        {
          "disabled": false,
          "folded": false,
          "type": "BuiltinCommonInstructions::Standard",
          "conditions": [
            {
              "type": {
                "inverted": false,
                "value": "PosY"
              },
              "parameters": [
                "Nave",
                "<",
                "398"
              ],
              "subInstructions": []
            }
          ],
          "actions": [],
          "events": [
            {
              "disabled": false,
              "folded": false,
              "type": "BuiltinCommonInstructions::Standard",
              "conditions": [
                {
                  "type": {
                    "inverted": false,
                    "value": "VarObjet"
                  },
                  "parameters": [
                    "Nave",
                    "Motor",
                    "=",
                    "0"
                  ],
                  "subInstructions": []
                }
              ],
              "actions": [
                {
                  "type": {
                    "inverted": false,
                    "value": "AddForceAL"
                  },
                  "parameters": [
                    "Nave",
                    "90",
                    "Nave.Variable(GravidadeQueda)",
                    ""
                  ],
                  "subInstructions": []
                }
              ],
              "events": []
            }
          ]
        }
      ],
      "layers": [
        {
          "name": "",
          "visibility": true,
          "cameras": [
            {
              "defaultSize": true,
              "defaultViewport": true,
              "height": 0,
              "viewportBottom": 1,
              "viewportLeft": 0,
              "viewportRight": 1,
              "viewportTop": 0,
              "width": 0
            }
          ],
          "effects": []
        },
        {
          "name": "GUI",
          "visibility": true,
          "cameras": [],
          "effects": []
        }
      ],
      "behaviorsSharedData": []
    }
  ],
  "externalEvents": [],
  "eventsFunctionsExtensions": [],
  "externalLayouts": [],
  "externalSourceFiles": []
}